id,name,address,phone_number
78dcf3a1-5ac5-4b09-93b9-de450e0113e1,Richard Brown,"8687 Cook Burgs Port Kathryn, ND 53066",301-507-0359
25c427d1-baee-4f06-bb4b-0982799590cd,Rebekah Hunter,"11819 Shepard Hill West Meganfort, SD 47605",+1-556-762-9066x0969
f0829e50-39d4-45c6-ad94-453d916fdd38,Margaret Whitney,Unit 7872 Box 5240 DPO AE 19470,+1-851-431-2472x0146
d3eab56e-d2c9-4df6-b0b0-fb10f0540d7d,Beth Lawrence,"24054 Melissa Hills Suite 085 West Danielport, MO 61900",347.736.2598x00316
f1f43427-6d87-41e6-a9fe-7789f42dc058,Mark Jones,"816 Pena Crest Apt. 322 Kevinton, PR 77176",+1-916-475-5925x1828
b3360885-7631-4745-8390-48b2cd02e03b,Yolanda Small,"3715 Campbell Viaduct Port Ritaburgh, MP 74546",(497)400-4974x2936
f7c7a9fa-7862-4e49-96a0-a86ba202bb92,Kerri Wise,"8796 Kelly Green Apt. 430 Port Melinda, MP 14505",+1-913-578-8187x1825
17cd8091-e22c-4c86-95df-e6e939605121,Jacob Davis,"387 Michael Path Apt. 077 Earlberg, AR 57755",+1-481-455-7956x63966
18abe4bd-9070-49c9-988c-39a9b8fa9b16,Alexa Mcfarland,"193 White Divide Apt. 605 West Rebeccamouth, PR 44621",(996)277-1650
e1fa2907-41ff-4bf9-80bc-7b1c08cb8840,Matthew Tucker,"0611 Drake Brook Suite 132 New Austin, OK 64473",2543889396
75ea6089-6295-4303-8e3c-9df349c46e0a,Joseph Collins,Unit 5821 Box 1671 DPO AP 69172,+1-803-432-0969x91773
d940d04d-ed39-4fb2-b425-aa568b72fd71,Karla Baldwin,"813 Yolanda Avenue East Julie, AS 21394",001-819-961-8926x0732
a89e17b3-e13e-4e89-bce3-f45b01985d34,Jennifer Morris,"82622 Ryan Overpass South Shelley, VI 74364",328-593-3355
1524a35b-37a9-415b-bb17-31bb72b32f32,Sherry Wolf,"963 Megan Loop Apt. 784 West Michael, AL 99140",+1-815-223-6019
fb1edc16-a98d-427e-a451-77f90d767218,Justin Espinoza,"5756 Walter Plains Shortport, NE 18205",5217647422
a9883443-9c2b-49f0-bf00-d28b3658acbf,Judith Sawyer,"7040 Kenneth Hollow Apt. 153 South Jacqueline, AS 79845",+1-576-515-1470x16663
4e57e202-009d-44b8-bfe7-4e99211aaad5,Steven Brennan,"70983 Erica Camp Waynechester, TN 46432",405.877.7514
1b97b9f9-0216-4d27-8c42-9b6e4649f559,Jesse Jones,"34904 Maria Stream Apt. 347 Lopezstad, MA 04138",(701)742-4622
ecb62067-9af0-4e98-96ec-f51ad7da6ae5,Jeffery Kemp,"53711 Nichols Islands West Benjamin, WY 62064",001-445-970-5727
96d62ec9-9d10-4b92-b406-90a4833824ef,Debbie Jordan,"0831 Christopher Corners Kristaville, MO 52894",712.578.2309x849
